oz1	oz2	oz3	oz4	oz5	oz6	oz7	oz8	oz9	oz10	target
-0.5115072131156921	0.13182197511196136	1.5494190454483032	-1.2876273393630981	-0.4534571170806885	-0.5370503067970276	0.8278126120567322	1.00240957736969	1.4045755863189697	-0.22356745600700378	-0.5562086701393127
-0.7379754185676575	-1.7351515293121338	-0.22353166341781616	0.28459179401397705	-1.2613084316253662	0.4632437527179718	1.5380992889404297	-1.3437310457229614	-0.9160298109054565	-0.04125477001070976	-1.651536226272583
0.24535438418388367	0.5348132848739624	-0.18426331877708435	1.1215691566467285	-1.139775276184082	0.60907381772995	-0.16013868153095245	0.6175437569618225	0.9418154954910278	1.1433178186416626	0.7516315579414368
-1.0921610593795776	0.9839590787887573	1.390039086341858	1.7323124408721924	0.703170895576477	0.8394458889961243	-0.9918510317802429	-0.32075098156929016	-1.289481520652771	-0.45169952511787415	1.2004061937332153
1.4424636363983154	0.04172815382480621	-0.5623064041137695	-1.5464227199554443	-0.23545637726783752	0.06807345896959305	1.2155399322509766	-0.9246194362640381	-0.4115113914012909	1.2620726823806763	-0.48970189690589905
0.3955335319042206	1.4835196733474731	-1.4553792476654053	-0.4323499798774719	-0.8639803528785706	-0.6393812894821167	1.2639660835266113	0.22408871352672577	-0.7159584164619446	-1.4978559017181396	0.6302047967910767
-0.5181890726089478	-0.13131928443908691	-0.08782836049795151	1.003639817237854	-1.457649827003479	-1.5374242067337036	0.6899769306182861	-0.31819120049476624	-1.3924111127853394	0.4475317597389221	-0.48137837648391724
0.3411330282688141	-0.29027286171913147	-0.6944359540939331	0.9979754090309143	0.29727718234062195	1.5826475620269775	-1.4133445024490356	0.603209912776947	-0.920585036277771	0.5134825110435486	0.49529829621315
-0.0944632813334465	-0.07409919798374176	0.535159170627594	-0.6381590962409973	0.5292189717292786	0.7668957114219666	-0.5692867040634155	-0.3646608591079712	0.6949747204780579	0.9907360672950745	0.29933875799179077
0.331948459148407	-0.271278977394104	-1.3462682962417603	1.5968807935714722	1.3427180051803589	-0.7234986424446106	-0.5371698141098022	0.22330287098884583	0.24506284296512604	1.5202043056488037	1.94362211227417
-0.8813163638114929	-0.5929341316223145	0.03988456726074219	1.7560973167419434	0.5111422538757324	0.6716606020927429	-0.3888903558254242	1.0108851194381714	1.2656784057617188	-1.7506284713745117	0.5944089293479919
-0.9081818461418152	-1.6959260702133179	-1.502232551574707	1.4268815517425537	-1.2627229690551758	-1.3195111751556396	-0.5599195957183838	-0.9553416967391968	-1.6715031862258911	-0.5536003112792969	0.1309823840856552
1.6107683181762695	0.0963883250951767	-1.423649787902832	-0.19225434958934784	0.6599000692367554	-1.266772985458374	0.23700520396232605	1.7309155464172363	0.23776935040950775	-1.536948561668396	1.1407936811447144
-0.34061136841773987	0.045535553246736526	0.5559476017951965	-0.2680738568305969	1.4324840307235718	1.4058525562286377	0.885231614112854	-1.5846871137619019	-0.5802088975906372	-1.1882694959640503	-0.10584084689617157
0.6469574570655823	1.1029688119888306	-1.657045602798462	0.8770005106925964	-1.3265880346298218	-1.2720592021942139	0.5031175017356873	1.474660873413086	0.8578935861587524	0.08418726921081543	1.6635626554489136
1.327836036682129	-0.7115615606307983	-0.992431104183197	-0.1923133134841919	-1.0839951038360596	0.7909789085388184	-0.12592336535453796	-1.35092294216156	-0.48748907446861267	0.31722405552864075	-0.09508886188268661
1.7483699321746826	-1.0750186443328857	1.6684571504592896	-1.2321289777755737	-0.21412570774555206	1.5821819305419922	-0.7536936402320862	1.481911063194275	-0.058794669806957245	-0.9070659279823303	-0.07765961438417435
0.5600398182868958	-1.4016531705856323	0.3186459243297577	0.07502126693725586	-1.2040648460388184	1.438370943069458	-1.4346493482589722	-1.4221749305725098	1.6879557371139526	0.3344913721084595	-0.6373968124389648
-1.0477937459945679	-0.8976919651031494	1.1417466402053833	1.644812822341919	-0.41673099994659424	1.6010408401489258	-1.5343118906021118	0.6205920577049255	0.3138365149497986	1.247178077697754	0.09025079756975174
1.3655277490615845	1.5913207530975342	0.4221514165401459	-1.2126737833023071	0.546676754951477	-0.4674449861049652	-1.1093964576721191	0.4763720631599426	1.5754625797271729	1.1888484954833984	-1.2845935821533203
-1.5325307846069336	-0.8280232548713684	-0.08133170753717422	-0.5636457204818726	0.3584401309490204	1.3465631008148193	-1.105342149734497	-0.5503849983215332	-1.2557185888290405	1.3773032426834106	-1.6008613109588623
-0.9298229217529297	-0.8010909557342529	-0.007144698407500982	-0.19497433304786682	0.15846845507621765	0.2085718810558319	-0.7377015948295593	-1.2062909603118896	1.005067229270935	-1.4390288591384888	-1.3825589418411255
0.9652923941612244	-0.7942083477973938	0.01888197474181652	0.35156479477882385	0.5779683589935303	-0.2200891524553299	-0.445215106010437	-0.08110099285840988	-1.6051808595657349	-0.1952907294034958	0.2402598261833191
0.15850122272968292	-0.6780304312705994	1.3411695957183838	-0.7361279129981995	-1.1402901411056519	-0.40981918573379517	0.6751012206077576	-1.5844628810882568	1.3574544191360474	-1.1594854593276978	-0.3569027781486511
-1.6779165267944336	0.1312124878168106	-0.1624746173620224	1.48552405834198	1.4459505081176758	0.16254915297031403	1.4008891582489014	0.11954250931739807	-0.7337353825569153	-0.3436936140060425	0.06590034067630768
-1.2431740760803223	-1.3457989692687988	-0.9803179502487183	0.22887910902500153	0.3428065776824951	-1.1422220468521118	-1.6085106134414673	-0.9436154961585999	0.2316611111164093	-1.0948567390441895	-0.8452233076095581
0.6954073905944824	-0.006101557053625584	-1.5621484518051147	-0.1398305892944336	-0.093690425157547	-0.7133522033691406	-0.012931444682180882	-1.0930064916610718	-1.1647701263427734	-0.14774002134799957	1.095251202583313
-1.4917056560516357	0.7133724093437195	-0.3635691702365875	-0.21759332716464996	0.6059276461601257	-1.0968464612960815	-0.8677586317062378	-0.9228470921516418	0.21518574655056	-0.6335754990577698	-1.0602370500564575
1.661249041557312	-1.0086655616760254	-0.30140364170074463	0.014386067166924477	-1.0509775876998901	-0.6544145345687866	0.5772150754928589	0.9953031539916992	-1.2047818899154663	0.5776338577270508	-0.35416871309280396
0.7228888273239136	-1.200100064277649	-0.2301790565252304	0.4922211468219757	-1.8139718770980835	1.5015151500701904	1.531445026397705	-1.3148797750473022	1.1980974674224854	-0.7353726625442505	-0.8416548371315002
0.17204530537128448	-0.3026050329208374	1.3776159286499023	1.1371256113052368	-0.7666913866996765	-0.609826385974884	-0.018680190667510033	-0.6372623443603516	-0.3021929860115051	-0.8505916595458984	1.1648540496826172
-1.0969923734664917	-0.3319837749004364	0.5122630596160889	-1.2031118869781494	-0.4767993986606598	0.2816831171512604	-0.8671640753746033	1.2667286396026611	0.3249167799949646	-1.4055286645889282	-1.75899076461792
-0.052060309797525406	0.3443269729614258	-0.5762494802474976	-1.555618166923523	-1.3202886581420898	-1.0141301155090332	-0.5429616570472717	0.23426273465156555	0.9317381381988525	0.06413647532463074	-0.7111108303070068
1.6486968994140625	1.5963804721832275	1.1901144981384277	0.48451313376426697	-0.43225032091140747	-0.1457703858613968	0.41691067814826965	1.3574028015136719	-0.7833685874938965	-0.7418982982635498	-0.016219573095440865
0.8940957188606262	1.5708997249603271	-0.2738206386566162	-0.8153026103973389	1.5929367542266846	-0.022050250321626663	-0.38228994607925415	1.3078107833862305	1.0094367265701294	1.425925374031067	-0.22339613735675812
0.5567346811294556	0.18520432710647583	-0.6525112986564636	0.42476218938827515	-0.44281694293022156	-0.7151554226875305	-1.1728845834732056	1.4452933073043823	-0.6427792906761169	1.0986226797103882	0.7507677674293518
-0.6248795986175537	-0.897213876247406	-0.9787702560424805	-0.6402294635772705	0.6944692134857178	-0.8844634294509888	-1.2766116857528687	1.4671859741210938	1.054380178451538	-0.6568771004676819	-0.5384083986282349
-1.693748950958252	0.3799436092376709	1.5981991291046143	-1.050795555114746	-1.5949616432189941	-0.818520724773407	1.650054931640625	0.3861333429813385	-1.1486700773239136	-0.9293549060821533	-1.6638431549072266
-0.33101823925971985	0.5666057467460632	0.9311983585357666	1.525753140449524	-0.5736279487609863	-1.3761706352233887	-0.38339924812316895	0.922599732875824	-1.1414942741394043	-1.4663615226745605	1.436627984046936
-0.08471246808767319	-1.4782686233520508	-0.9759117960929871	-1.5371474027633667	-1.6836906671524048	1.379732370376587	-0.12241683900356293	-0.9856359362602234	0.5277346968650818	-1.2314605712890625	-2.2848429679870605
-1.389802098274231	-0.8260766267776489	-0.341751366853714	-0.8167189955711365	-0.40860655903816223	-0.07838458567857742	0.45364904403686523	1.5682379007339478	0.4160091280937195	1.4733413457870483	-1.5932555198669434
0.8592551350593567	0.9994985461235046	-1.0361758470535278	-1.0932141542434692	1.5614664554595947	0.7834903597831726	-1.785003662109375	-0.8602697849273682	-0.9083973169326782	-0.6883820295333862	0.969011664390564
-0.15004971623420715	-0.9969210624694824	1.5927804708480835	-0.32588881254196167	-1.3484301567077637	0.21545608341693878	1.38784921169281	-0.867976188659668	0.15383921563625336	1.146923303604126	-0.4055940508842468
-1.1293243169784546	-1.1017597913742065	1.4430632591247559	0.5748845338821411	1.6512521505355835	-1.7050578594207764	-0.03797750547528267	0.28123944997787476	-1.1039999723434448	0.750702977180481	0.1171073317527771
1.6378768682479858	0.6339298486709595	1.137145757675171	-0.12554872035980225	0.07718684524297714	1.1227344274520874	-1.237351655960083	0.8203737735748291	-1.4106416702270508	1.468690037727356	1.0401922464370728
0.9978155493736267	0.21736598014831543	1.0709855556488037	-1.554407000541687	-1.6222513914108276	1.2830506563186646	-0.3652205765247345	-1.706731915473938	0.18243715167045593	1.429663896560669	-0.36568406224250793
-1.338179349899292	-1.0295357704162598	-0.9001126885414124	-0.8894031047821045	-0.39982229471206665	-0.665290892124176	-1.0928858518600464	1.3472820520401	0.07140925526618958	1.307223916053772	-1.7759263515472412
1.379746913909912	1.4760009050369263	0.04657605662941933	0.4450227916240692	1.6484522819519043	1.064003825187683	0.1172909066081047	-0.652190625667572	-1.4271248579025269	0.14617621898651123	0.42368757724761963
-0.7909894585609436	0.8656128644943237	-0.2768791913986206	0.27928799390792847	-0.3516964316368103	0.4321479797363281	0.7251561880111694	1.7560583353042603	-0.9216219782829285	-0.02671186253428459	0.0167943574488163
-0.4674011170864105	-0.42740297317504883	0.06927559524774551	-0.6637227535247803	1.2649929523468018	0.5555376410484314	-0.9893629550933838	-0.26850220561027527	-1.013299822807312	0.7658363580703735	-0.5926600694656372
1.6614751815795898	-1.416611909866333	-1.6019608974456787	-0.33287760615348816	-0.20828203856945038	0.1305125653743744	0.5232295989990234	0.2360605150461197	-1.2507953643798828	1.2395128011703491	-0.49008533358573914
-0.3330625295639038	1.4764032363891602	1.331751823425293	-0.8908834457397461	-0.20767070353031158	-1.6317676305770874	1.3636119365692139	0.1378614604473114	0.7413963675498962	0.5089499950408936	0.5620241761207581
0.2922104299068451	-0.03720008209347725	-1.249871850013733	-0.11657562851905823	0.03170263022184372	-1.0844541788101196	0.7814783453941345	-0.7726004719734192	0.08826747536659241	-0.6369796395301819	0.6662495136260986
-0.8633847236633301	0.4551527202129364	-1.359484314918518	1.0169334411621094	-1.1399521827697754	-0.5758944153785706	-0.4649146795272827	-0.8293901681900024	0.7460730075836182	-1.7174420356750488	0.6071187853813171
-0.7979110479354858	0.09291289746761322	-0.7234359383583069	-1.303941249847412	-0.42294442653656006	0.49763280153274536	-0.3111654818058014	-1.0919818878173828	-0.27189216017723083	0.61187744140625	-1.247702956199646
1.2407052516937256	0.5676921606063843	1.4616522789001465	0.8456923365592957	0.9543634057044983	0.3686158359050751	-0.2815294563770294	-1.32451593875885	-1.6981770992279053	-1.4689364433288574	2.078139543533325
0.8702406883239746	-0.7298939824104309	-0.7281114459037781	-0.2712787389755249	0.2995644807815552	0.05893978103995323	1.4007269144058228	0.4039019048213959	-1.1588674783706665	-0.07122519612312317	0.251922607421875
0.8979712128639221	-0.3140684962272644	-1.2301257848739624	-0.9878049492835999	1.07664954662323	-0.36754143238067627	1.461378812789917	0.9576830267906189	-0.13456691801548004	-1.4496821165084839	0.6362461447715759
1.3764654397964478	1.4584975242614746	0.24320828914642334	-1.4887783527374268	-1.722385048866272	1.032999038696289	0.5904630422592163	-0.9307933449745178	-0.12151894718408585	0.7062997221946716	-1.4464749097824097
-0.6760623455047607	1.687329649925232	1.1770236492156982	0.5857464075088501	1.5454038381576538	-0.536332905292511	1.303217887878418	1.1393617391586304	-0.05072591453790665	-0.5726962685585022	1.6254297494888306
1.0178873538970947	1.584845781326294	1.5984266996383667	-1.373664140701294	1.0861952304840088	0.4742752015590668	-0.20316419005393982	1.2404015064239502	0.49152663350105286	-1.6071027517318726	0.2535570561885834
-0.2839626669883728	-0.5702610611915588	0.013726438395678997	-1.0369230508804321	0.44301706552505493	-1.7441136837005615	1.5402064323425293	0.4595170021057129	-0.6562073230743408	-0.594592809677124	-1.017354965209961
0.3365545868873596	-0.9008228778839111	1.1989916563034058	-0.4501022696495056	-1.712107539176941	-0.21957126259803772	1.397963047027588	-1.5328874588012695	1.5050530433654785	-0.1978479027748108	-0.5231788158416748
0.22582900524139404	-0.2036428153514862	0.536222517490387	0.7799184918403625	1.0881294012069702	0.730843722820282	0.7984046936035156	1.1773828268051147	0.7149017453193665	-0.6046324372291565	0.867713987827301
0.4249124825000763	-0.4734833538532257	1.477962851524353	-1.2253187894821167	0.9362407922744751	0.4158342480659485	-1.1785964965820312	0.5914133787155151	1.5396809577941895	-0.9953199625015259	-0.057137440890073776
0.43015503883361816	-0.4228883981704712	-1.0824390649795532	-1.358258843421936	0.32794833183288574	-0.04596063867211342	-1.2433806657791138	-0.8276166319847107	1.2632241249084473	0.5192890167236328	-0.24312075972557068
0.9356734752655029	-0.3131921589374542	-0.48749032616615295	-1.333870530128479	-0.2656823396682739	1.0558561086654663	1.1585261821746826	0.44634971022605896	-0.35254132747650146	-0.6547361612319946	-0.4827171862125397
-0.18566466867923737	0.5416337251663208	-0.4408106803894043	-0.32430657744407654	-0.3802202045917511	-0.2995278239250183	1.3162431716918945	-0.6964168548583984	-1.004686951637268	-0.1927133947610855	0.056555699557065964
-1.5764107704162598	1.138962745666504	-1.1320741176605225	-0.8921332359313965	1.4249979257583618	-1.3785046339035034	0.2052352875471115	-1.4748473167419434	-1.4491299390792847	0.7746726274490356	-1.2338459491729736
-1.2938389778137207	-1.1171294450759888	-0.05855192244052887	1.3739097118377686	0.9270917177200317	0.5361365079879761	1.351130723953247	-1.4452660083770752	0.4524065852165222	-0.34468477964401245	-0.28204017877578735
0.4463407099246979	1.515329360961914	1.0364303588867188	-1.43287193775177	-1.6979049444198608	1.3666281700134277	1.0379319190979004	-0.10021436959505081	-0.9828027486801147	0.3561721444129944	-0.3667336702346802
0.7055801749229431	-1.1770771741867065	1.6795555353164673	-0.2586837410926819	0.36454129219055176	1.4344203472137451	-0.19027899205684662	1.7245804071426392	-0.5473793745040894	1.3378692865371704	0.5209252238273621
0.323805034160614	-1.0021100044250488	0.4017801284790039	-1.424009919166565	0.5566186308860779	1.0935734510421753	1.453212022781372	1.3775285482406616	0.0007233946234919131	0.5296416282653809	-1.3796852827072144
-0.715460479259491	-0.7925562858581543	-0.8281227946281433	-1.3241956233978271	-0.8429890275001526	0.09939081221818924	0.1330597996711731	0.6889492869377136	-0.02866446040570736	1.4500538110733032	-1.9703545570373535
-0.7594008445739746	0.8439005017280579	0.3516862988471985	0.9460263848304749	-0.8368852734565735	1.3352609872817993	0.8909100294113159	1.709761381149292	0.9068065285682678	-0.8421769738197327	0.02390183135867119
1.3535244464874268	-0.14277291297912598	-1.0572052001953125	1.6095637083053589	-1.28053617477417	1.530420184135437	1.5868277549743652	-1.5227282047271729	1.452305555343628	-1.6769696474075317	1.5320693254470825
1.5546932220458984	-1.6456464529037476	1.5706298351287842	0.9062273502349854	-1.335268259048462	0.3296419084072113	0.7169958353042603	-0.1709221601486206	-0.2955307960510254	-0.06436295062303543	-0.10874117910861969
-0.39437639713287354	-0.08524512499570847	-1.0070643424987793	0.6756716966629028	-0.3463713526725769	0.3116919994354248	-0.5919883847236633	1.0474923849105835	1.0477993488311768	-1.704132318496704	0.5986897945404053
0.11478219926357269	1.0648260116577148	-0.1729423850774765	1.5357712507247925	1.479462742805481	0.9472680687904358	-1.2835254669189453	-0.14384359121322632	1.3289639949798584	-0.6534157991409302	1.4983017444610596
1.0140494108200073	-0.64351886510849	-1.1167353391647339	-1.3385107517242432	0.42925283312797546	-1.239004135131836	1.0134351253509521	0.17910312116146088	-0.1009049192070961	0.47606512904167175	-0.3825809359550476
0.38580194115638733	0.38537144660949707	-1.786012887954712	-0.4672834277153015	1.245896816253662	0.35793253779411316	-1.4524731636047363	0.3271961510181427	-1.5154774188995361	1.3275020122528076	1.1044665575027466
1.2689270973205566	1.580152153968811	-1.7855278253555298	1.530731201171875	-1.5555866956710815	-1.3016786575317383	0.6096307039260864	0.8964371681213379	-0.9105725884437561	0.44563058018684387	1.309277892112732
-0.960121750831604	1.2966821193695068	0.5588465929031372	1.4053921699523926	-0.747749388217926	0.6004588603973389	-0.26532110571861267	-0.4946126639842987	-1.0408563613891602	0.80153888463974	0.4799041152000427
1.7425111532211304	1.3023463487625122	0.027891993522644043	0.7067907452583313	1.2938865423202515	1.3815237283706665	0.8173728585243225	-0.8353115320205688	-1.6661213636398315	-0.026303427293896675	0.3285345137119293
-0.03472694754600525	0.34832754731178284	0.08212729543447495	1.2389917373657227	0.961460530757904	-0.00043971286504529417	-0.2458089143037796	-0.7905917167663574	-0.7398753762245178	-0.20280525088310242	1.2228931188583374
-0.6922628283500671	-0.763996958732605	0.07910624146461487	-1.2963602542877197	-1.313153862953186	0.7107961773872375	1.3119653463363647	0.6530219316482544	1.3686411380767822	0.24523575603961945	-2.266974925994873
-1.0716394186019897	1.0552641153335571	-1.6486490964889526	-1.4925246238708496	0.030996184796094894	-0.06186894327402115	0.6615141034126282	-0.8897300958633423	-0.8733831644058228	1.2850611209869385	-0.2357516884803772
-1.3556702136993408	-0.11083687096834183	-0.8785278797149658	1.3445452451705933	-0.34317028522491455	-1.399031400680542	-0.5963701605796814	-0.9389390349388123	1.6483891010284424	0.8764713406562805	0.15218451619148254
-0.10016824305057526	1.420974612236023	1.1805061101913452	-0.6640700101852417	-0.07995619624853134	0.21944639086723328	-1.536430835723877	0.17692206799983978	-1.4441739320755005	0.9451917409896851	0.9077193737030029
-0.36868640780448914	-1.0465466976165771	1.4758882522583008	0.2654927968978882	-0.6476331949234009	-1.0545464754104614	0.36659830808639526	-0.034221846610307693	0.8028940558433533	-0.005663671065121889	-0.08816879242658615
0.6052080392837524	1.140000343322754	0.3472477197647095	-1.3643399477005005	-0.6526498794555664	0.7691075801849365	0.9397148489952087	1.4037822484970093	-1.0247244834899902	-1.5691019296646118	-0.12920784950256348
1.6502732038497925	0.0017143863951787353	0.31479373574256897	0.7153727412223816	1.2725011110305786	-0.43601661920547485	0.5167003273963928	-1.158613681793213	0.6918606758117676	1.0153330564498901	1.4737744331359863
0.9816194772720337	-0.252710223197937	0.8428040742874146	-0.6908422708511353	-1.8065693378448486	-0.7026781439781189	0.7828154563903809	-0.027761561796069145	-0.37663209438323975	-1.6348806619644165	-0.3991151750087738
1.1567401885986328	-1.1888010501861572	0.11550872027873993	0.6006612181663513	0.3722665309906006	1.3405159711837769	0.06008181720972061	0.8204307556152344	0.449008584022522	-0.6033085584640503	-0.32612699270248413
0.912051796913147	-0.932773768901825	0.7809383273124695	-1.043885350227356	-1.2799656391143799	-0.2134946882724762	0.6636131405830383	0.3110355734825134	0.34859344363212585	-0.0160111952573061	-1.033501148223877
0.5420469045639038	0.7640786170959473	-0.2943774163722992	1.7210644483566284	0.17696698009967804	1.5556130409240723	-0.6161365509033203	-0.903788149356842	1.0823553800582886	-0.14612692594528198	1.6829016208648682
-0.9228176474571228	1.2800894975662231	-0.44707009196281433	-1.2265493869781494	-0.9421679973602295	0.7127472758293152	-0.7208139300346375	-0.46925756335258484	0.8218579292297363	-1.4605120420455933	-0.9627512693405151
0.2624073624610901	0.9026446342468262	0.7224420309066772	-1.5257514715194702	-1.6638294458389282	-0.9241196513175964	-1.44525945186615	-0.7716088891029358	1.4557462930679321	-1.7052913904190063	-0.48019152879714966
1.2465009689331055	0.07586555182933807	-1.086671233177185	0.26480427384376526	-0.7139906883239746	0.08065759390592575	-0.16300350427627563	-0.22334516048431396	-1.1423676013946533	-1.3613969087600708	1.0455195903778076
-1.4605125188827515	-1.04006028175354	0.6409035921096802	1.5080381631851196	1.0498930215835571	-1.0601940155029297	-0.8198809027671814	-1.181415319442749	1.2592440843582153	-0.15821300446987152	0.034226734191179276
0.02241695299744606	-0.226571723818779	0.36288902163505554	0.008346544578671455	-0.8921579718589783	-0.560082733631134	-0.8567711710929871	0.22311317920684814	1.0196536779403687	-0.4102071225643158	0.12735621631145477
0.12508824467658997	0.6404063105583191	0.18601101636886597	1.2135425806045532	1.6420594453811646	-0.4393485486507416	-0.3339317739009857	0.07945660501718521	0.545751690864563	-0.07531168311834335	1.8004266023635864
-1.3619611263275146	-1.114780068397522	1.1188595294952393	-0.8637840151786804	-0.9670975804328918	-0.20488540828227997	-1.8034749031066895	-0.14287084341049194	1.5010199546813965	-1.6687936782836914	-1.7241427898406982
-1.5044795274734497	1.5592453479766846	-1.7357240915298462	-0.12222052365541458	0.4067107141017914	-0.4860897660255432	1.525606632232666	0.19808518886566162	1.2782282829284668	-0.26072725653648376	0.095036581158638
0.2576858103275299	-1.347996711730957	0.5306143760681152	-0.6710825562477112	1.2709826231002808	0.45704978704452515	-0.6081633567810059	1.344111442565918	0.2487032413482666	-1.6597298383712769	-1.1376854181289673
-0.5631864666938782	-0.6402520537376404	-0.35340937972068787	0.569426953792572	1.2702538967132568	-1.5276538133621216	-0.8121640086174011	1.4049029350280762	1.037665843963623	-1.6887637376785278	-0.13372233510017395
-1.5525513887405396	1.1544076204299927	-0.5224071145057678	-1.398168921470642	0.08399885892868042	-1.1362911462783813	-1.3439736366271973	0.8847079277038574	-0.08119495213031769	-0.18418271839618683	-1.5911469459533691
1.4411853551864624	0.3289546072483063	-0.8125090599060059	-0.6771928668022156	-1.9158393144607544	-1.2803423404693604	-0.30294060707092285	-0.5574633479118347	0.8381900191307068	1.4116737842559814	-0.3335132896900177
-0.01306002028286457	-1.6081814765930176	-0.761490523815155	-0.4291720688343048	-0.6201121211051941	1.008607029914856	-0.06796485930681229	-0.8169372081756592	1.4362678527832031	-0.9569050073623657	-1.6690095663070679
0.4764489531517029	0.5640097856521606	-1.7634665966033936	0.039984412491321564	0.35092857480049133	0.5430466532707214	0.18346047401428223	-1.4073469638824463	0.21083949506282806	-0.30035459995269775	1.4358453750610352
1.1287684440612793	0.46928831934928894	0.41451478004455566	1.060626745223999	0.620182454586029	0.6678595542907715	0.1753702461719513	-1.0877513885498047	-1.1254749298095703	0.8727244138717651	1.3815785646438599
0.7155118584632874	-0.21227897703647614	1.4143805503845215	0.8447333574295044	0.7426794171333313	0.26726409792900085	-1.5103729963302612	0.8103429675102234	0.30082204937934875	-1.616430640220642	1.531117558479309
1.642168402671814	0.663455069065094	-1.599299430847168	-0.9651164412498474	-1.6637760400772095	-0.14243759214878082	-0.18017080426216125	-1.207959532737732	0.6200528740882874	0.4001317024230957	-0.07093695551156998
0.23853535950183868	-1.756024718284607	0.64113849401474	1.5983574390411377	-1.8564192056655884	-1.177744746208191	-0.14450328052043915	-0.6666561365127563	0.6371424794197083	0.6575688719749451	-1.0714043378829956
-1.7356771230697632	1.657819151878357	-0.3760558068752289	-1.050641417503357	1.2129491567611694	-1.3137098550796509	-0.044787243008613586	-0.5273631811141968	1.1705893278121948	-1.5798232555389404	-1.7745318412780762
1.1708811521530151	-1.302287220954895	-1.6249877214431763	-1.4222673177719116	-1.325587272644043	1.4602687358856201	0.16826379299163818	1.1304986476898193	-0.72691810131073	-0.3245856463909149	-1.117738962173462
-0.8448202610015869	1.1439127922058105	-1.1195005178451538	0.14119847118854523	-0.5270742774009705	1.2112138271331787	-0.6144213080406189	-0.7382290363311768	1.0883746147155762	-0.008654261939227581	0.23874954879283905
0.363881379365921	1.6827733516693115	-0.7679372429847717	1.5913238525390625	-0.3006835877895355	-1.3886432647705078	1.2436599731445312	-1.3714336156845093	0.6816768646240234	1.6746959686279297	1.5875513553619385
-0.1301998347043991	-0.9108099937438965	1.0883986949920654	-1.3575778007507324	0.14194391667842865	0.8512749671936035	1.1889009475708008	0.6403090357780457	0.8646805882453918	1.5980477333068848	-0.883797824382782
0.44618475437164307	-0.7969070076942444	1.1717398166656494	-1.4426696300506592	1.3635051250457764	0.13531699776649475	0.7793063521385193	0.9801169633865356	0.42209959030151367	-0.47482404112815857	-0.12005744129419327
-0.33993929624557495	0.6091338396072388	0.8499732613563538	0.27432921528816223	0.7339821457862854	-1.3041902780532837	-0.9821063280105591	-0.6308824419975281	-1.551863431930542	1.5522030591964722	0.9349106550216675
0.7688149213790894	1.057863712310791	-0.7166313529014587	-0.2394140362739563	-0.9302141666412354	-1.1033835411071777	0.3855782151222229	-1.2349274158477783	1.4370001554489136	-1.5967720746994019	0.4427889585494995
-1.334489345550537	-1.7553739547729492	-0.8293243646621704	0.22560803592205048	-0.0617792010307312	0.07740628719329834	-1.5036355257034302	0.5590057373046875	-1.160823941230774	-1.1334325075149536	-1.2178229093551636
1.3892742395401	0.9193624258041382	0.42085281014442444	0.41376665234565735	-1.0502655506134033	1.3727407455444336	-0.06300065666437149	-0.7684329748153687	0.5203866362571716	0.6323733329772949	0.4829890727996826
0.13160814344882965	-1.24242103099823	-1.581706166267395	-0.9662108421325684	0.5110934972763062	-1.5392241477966309	-0.8407320380210876	0.7575726509094238	-1.3072007894515991	1.6887354850769043	-0.7492551207542419
-1.0069935321807861	-0.6005019545555115	1.5577998161315918	-1.024408221244812	0.9825778603553772	0.5355730652809143	0.9795348048210144	-1.6305700540542603	-0.6654521226882935	-0.2907320559024811	-0.626375675201416
1.7030210494995117	1.4937185049057007	1.5736682415008545	0.05358276143670082	-0.8167930245399475	-1.730674386024475	-0.5511178374290466	-1.0264616012573242	0.3814448118209839	0.29453060030937195	-0.5410425066947937
1.3756524324417114	0.10971970856189728	-0.05573446676135063	1.6911883354187012	1.0709426403045654	-1.2744207382202148	-1.4225674867630005	-1.6634626388549805	0.03361356630921364	1.6909266710281372	1.822554349899292
-0.5418204069137573	-1.2029974460601807	-0.7759488224983215	0.7623291015625	-0.9038851857185364	-1.1358684301376343	-1.4178746938705444	1.716962456703186	0.13486619293689728	1.5120574235916138	-0.6410444974899292
1.3561664819717407	0.8291105628013611	0.3485366702079773	-0.772806704044342	-1.7465276718139648	1.3974781036376953	1.3211313486099243	0.08896604925394058	-1.7142983675003052	1.4768202304840088	-0.8268979787826538
-1.0752919912338257	-0.5675661563873291	1.6262871026992798	0.1072283610701561	-1.496143102645874	-0.5861470103263855	-1.508341908454895	-1.6123257875442505	-1.5601911544799805	-1.23379385471344	-0.17077328264713287
-0.4067179560661316	-0.6974464058876038	0.27620142698287964	0.5245826244354248	-0.39418378472328186	-1.1651134490966797	-1.3902883529663086	-1.5960794687271118	0.24280689656734467	-0.07904980331659317	-0.4240588843822479
-1.0885337591171265	-0.09980227053165436	-1.0329341888427734	-1.0143224000930786	0.35871249437332153	-1.5550543069839478	1.3884162902832031	1.029438853263855	-0.660460889339447	0.20700564980506897	-0.9914727807044983
0.49455544352531433	1.1695568561553955	-1.7148338556289673	0.06191827356815338	0.04480365663766861	1.7099510431289673	-0.5702577233314514	-0.0804395005106926	-1.3215599060058594	1.4289604425430298	1.516003131866455
-1.4684942960739136	-1.2221177816390991	1.0214216709136963	0.6923288702964783	0.4504082202911377	1.1516691446304321	1.2429916858673096	0.26105859875679016	-0.14196905493736267	1.30936861038208	-0.441505491733551
-0.8923373222351074	1.6784652471542358	-1.1653690338134766	-0.592104971408844	1.202602505683899	0.31573131680488586	1.3207935094833374	-1.4078673124313354	1.1236680746078491	1.3207517862319946	0.5196022391319275
-0.6351641416549683	-0.5682949423789978	-1.4387714862823486	1.0105974674224854	-0.6522141098976135	1.650554895401001	1.0160473585128784	0.7129319310188293	0.6799858212471008	-0.7113336324691772	0.155526265501976
-0.3048470914363861	0.8517606258392334	-1.5506528615951538	-0.7385343909263611	-1.0607234239578247	-1.8011727333068848	-0.2155626118183136	0.8941497802734375	-1.0639903545379639	1.2733155488967896	0.5654981136322021
-1.0635098218917847	-1.478481650352478	-1.613877534866333	-0.29302647709846497	0.40205463767051697	-0.5696598887443542	-1.0575225353240967	-0.1444804072380066	-1.0703872442245483	0.30949124693870544	-0.47192516922950745
-1.214178442955017	-1.7242058515548706	-0.6742497086524963	1.732795000076294	0.7647001147270203	1.2864160537719727	0.49074897170066833	1.1609318256378174	1.0871973037719727	-0.5132610201835632	-0.3053598999977112
1.5219875574111938	-1.2850624322891235	-0.3950960636138916	-1.4001319408416748	-0.5455573201179504	0.3641701638698578	1.6139262914657593	-0.8097851872444153	-0.12884868681430817	-0.2305377721786499	-1.4277966022491455
0.9079488515853882	0.39129263162612915	-0.18242552876472473	-1.048466444015503	-1.655268907546997	0.9705044627189636	-1.732299566268921	-0.4115228056907654	-0.8563240170478821	1.3488497734069824	-0.37447240948677063
-0.11823990941047668	-0.19858138263225555	0.43505167961120605	0.7874640822410583	1.1681374311447144	-0.028274845331907272	1.5492675304412842	-1.4792321920394897	1.697670340538025	0.44403743743896484	0.47926270961761475
0.9956039190292358	-0.8562180399894714	0.09672640264034271	0.7498904466629028	0.020739823579788208	1.7240029573440552	0.6341173648834229	0.7713872194290161	-1.3423192501068115	-1.1887849569320679	0.2825164198875427
0.7570090293884277	1.458601951599121	0.30734050273895264	1.3988503217697144	-0.5693269371986389	0.34253624081611633	-1.5425796508789062	0.5056400299072266	0.07673103362321854	0.2863222360610962	1.2101446390151978
-0.14735957980155945	1.6129376888275146	-0.7987358570098877	-0.9233454465866089	-1.8798609972000122	-1.5746607780456543	1.3779808282852173	0.13648508489131927	0.950149416923523	-1.2032603025436401	-0.2540077865123749
-0.9060220122337341	1.094151258468628	-0.19819022715091705	0.4420073628425598	0.3583197295665741	0.9601360559463501	-0.9734143018722534	0.051190901547670364	0.6350560784339905	-0.28035810589790344	-0.26582032442092896
1.5853197574615479	1.2598047256469727	1.2120569944381714	0.2355138510465622	-0.8292197585105896	0.35183075070381165	1.64349365234375	1.6194608211517334	1.5511882305145264	-1.7081295251846313	0.2708341181278229
0.18420423567295074	0.7741721868515015	1.3346209526062012	-0.4469749927520752	0.5125777721405029	-0.9201968312263489	1.1255507469177246	-0.2538650333881378	-1.6342884302139282	-0.8374614715576172	1.124281406402588
-0.0613132081925869	0.711797833442688	0.6367616653442383	0.23354214429855347	-0.999127209186554	-0.9820483326911926	-0.43798694014549255	0.8771195411682129	-1.6368191242218018	0.393630713224411	0.786867618560791
0.27765005826950073	-0.854773759841919	1.0634998083114624	0.9657074213027954	0.3393295705318451	0.2991270124912262	0.12261843681335449	0.554818332195282	0.619941771030426	1.4416693449020386	0.3903123736381531
-0.907605767250061	0.13793553411960602	-0.9590975642204285	-0.584469199180603	0.9670199155807495	0.046063218265771866	-0.9582585692405701	-1.5417485237121582	0.45397108793258667	0.6857265830039978	-0.33889463543891907
0.826919674873352	0.40679413080215454	1.1356525421142578	0.7749296426773071	1.402529001235962	-0.7463600635528564	1.001971960067749	-0.39502668380737305	-1.639930248260498	0.2999584972858429	1.880811333656311
1.5678904056549072	-0.4700181484222412	0.8566778302192688	1.512485146522522	1.3972804546356201	0.8440583944320679	-0.07157324254512787	-1.2178294658660889	0.7414060235023499	-0.026539621874690056	1.8432848453521729
0.42695116996765137	-0.7830822467803955	-0.7717433571815491	0.8990970253944397	-1.685797095298767	1.400781512260437	-0.16007515788078308	-1.4060190916061401	0.5183345079421997	1.0512504577636719	-0.23614086210727692
0.5916057229042053	-1.0854283571243286	-0.1250821352005005	1.7511543035507202	-0.10206227749586105	-0.2612987458705902	1.168636441230774	0.5243264436721802	-1.4063522815704346	-0.45645928382873535	0.30301329493522644
0.6215606927871704	-1.5794360637664795	-1.6750303506851196	-0.9129788279533386	-0.20070907473564148	-1.0998916625976562	-0.39362117648124695	-0.9986173510551453	0.6369414329528809	1.027523398399353	-0.5785460472106934
-1.0587538480758667	-1.3374857902526855	-0.857268214225769	-0.3363321125507355	1.392462134361267	0.70047527551651	1.6318633556365967	-0.47814974188804626	-0.06818059831857681	0.27112022042274475	-0.6067996621131897
0.14728668332099915	-0.5117688179016113	1.667911171913147	0.9239388704299927	0.6849524974822998	1.5403966903686523	-1.6714094877243042	1.3238557577133179	0.5435576438903809	0.4251289963722229	1.6731255054473877
-0.8340253233909607	-0.48932743072509766	1.0136477947235107	-0.34764987230300903	0.6811535358428955	0.1747409999370575	0.8075127601623535	0.256150484085083	0.28225743770599365	-0.12511759996414185	-0.37440431118011475
1.1944315433502197	0.09431105107069016	1.2356208562850952	-1.2030874490737915	1.010348916053772	-0.09545979648828506	0.9788684248924255	-1.2065942287445068	0.5900254845619202	0.9671143889427185	0.7134838104248047
-1.2475926876068115	0.17250311374664307	0.30101487040519714	1.6970927715301514	1.1201199293136597	1.1579606533050537	1.128351092338562	-0.3145853877067566	1.1418495178222656	0.5449232459068298	0.12074056267738342
0.4884757697582245	1.6207927465438843	-0.8032208681106567	-0.9664990901947021	1.5473817586898804	0.1102985069155693	1.1998931169509888	1.5586843490600586	0.9838281869888306	0.9924092888832092	0.4920755624771118
0.3163088858127594	-0.27582183480262756	-1.583724856376648	1.6541827917099	0.5443723797798157	-1.1742868423461914	1.1037739515304565	-0.6841513514518738	-1.483906865119934	-0.7458570003509521	1.5882624387741089
-0.5612626671791077	-1.6064444780349731	0.6094685792922974	-0.360182523727417	-0.446551114320755	-0.0709734559059143	-0.5345808267593384	-0.5130730271339417	1.6371960639953613	-1.7601324319839478	-1.2549813985824585
0.4633798897266388	-0.9908791184425354	1.4712450504302979	-0.7684460282325745	0.922505795955658	-1.4305905103683472	-0.7695514559745789	0.22596801817417145	-0.4049246311187744	0.22237883508205414	0.10096307098865509
-0.6174890398979187	-0.41350486874580383	-1.5486119985580444	0.021495092660188675	-0.27750885486602783	0.048034075647592545	1.1732174158096313	-1.2824703454971313	-1.441343903541565	-0.083419069647789	-0.24812045693397522
0.29683658480644226	0.5408697128295898	-1.4463834762573242	1.097253680229187	-0.40201282501220703	-0.5033246874809265	0.47908639907836914	-0.639689564704895	1.2129418849945068	-1.3343307971954346	1.608184576034546
-0.6640914678573608	-0.9364221692085266	1.3538113832473755	-1.5708726644515991	-0.7222046852111816	-0.004232561681419611	-0.4552161395549774	0.46863964200019836	-0.5049652457237244	0.19985313713550568	-1.5403335094451904
0.9189984798431396	0.08360323309898376	1.5604180097579956	0.30762165784835815	0.6384719014167786	1.3137339353561401	-1.569671392440796	-0.10565993934869766	1.1648280620574951	-1.0564237833023071	1.588502287864685
1.2986234426498413	-1.7540582418441772	0.059389203786849976	-0.3856349289417267	0.29071173071861267	-1.6400487422943115	-0.7176628112792969	0.1976177841424942	0.7104471921920776	0.0005123309092596173	-1.47127103805542
0.342168927192688	0.3149929642677307	0.9329717755317688	1.0382978916168213	-1.1990114450454712	1.4986053705215454	1.4361255168914795	1.3234878778457642	0.5500813126564026	0.8745136857032776	0.7314498424530029
-0.08654401451349258	-0.403981477022171	-0.20729540288448334	0.13159030675888062	1.3845351934432983	-1.2357453107833862	0.8479266166687012	1.3314597606658936	-0.624243974685669	-0.46323877573013306	0.6429572105407715
0.8348912000656128	0.3466089367866516	-0.7303325533866882	-0.41657522320747375	0.1537533402442932	0.482943058013916	0.668035089969635	1.5773111581802368	-1.7113652229309082	0.4466676414012909	0.5611319541931152
0.12605322897434235	0.8860797882080078	1.2767659425735474	0.9615178108215332	-0.2611446678638458	-0.32048097252845764	-1.1484086513519287	-0.9881611466407776	0.26093965768814087	0.885090708732605	1.4436688423156738
-1.2582491636276245	1.1390341520309448	-0.6820555329322815	-0.6837039589881897	1.3972944021224976	0.22077682614326477	-0.06173955649137497	1.6473057270050049	-1.565767526626587	-1.4720919132232666	-0.7794305086135864
-1.6145488023757935	-0.07442636042833328	0.8524274826049805	1.7252748012542725	-1.4298733472824097	-1.3049161434173584	1.3347718715667725	-0.17911775410175323	0.8494665026664734	-0.5725640058517456	-0.4629136621952057
1.4898923635482788	0.3782997131347656	1.2662431001663208	1.0181456804275513	-1.7805980443954468	-0.7848506569862366	1.2451661825180054	0.2574506998062134	1.241536259651184	-0.5829795598983765	1.3396492004394531
-1.685185194015503	0.7930506467819214	0.9747704863548279	1.645958423614502	-0.711919367313385	-0.6546292304992676	1.4509830474853516	-1.229446291923523	-0.7603755593299866	0.6299757957458496	-0.2728591561317444
-0.9632803797721863	-0.21440845727920532	-0.35501083731651306	0.9657453894615173	1.1004399061203003	-1.5604567527770996	-1.5146180391311646	-1.0520415306091309	1.663333773612976	-0.32474058866500854	0.09061212837696075
1.397209644317627	0.8057518005371094	-1.4975827932357788	-0.7426337599754333	1.486732840538025	0.36759963631629944	0.2658780813217163	1.2613143920898438	0.2363753318786621	-0.15360237658023834	1.0469454526901245
-0.1047537699341774	-0.8518741130828857	-0.3592974841594696	0.7111063003540039	0.7220122218132019	-1.7080880403518677	0.4172919988632202	-1.2409660816192627	0.2741977274417877	-0.11014702171087265	-0.18164575099945068
-0.05458779260516167	1.3931876420974731	-0.6407659649848938	0.6470786333084106	0.4685823619365692	1.2519707679748535	1.0854301452636719	-1.2968776226043701	0.6636661291122437	-0.34467241168022156	1.2606863975524902
0.17077851295471191	0.03133462369441986	0.16163739562034607	0.22126050293445587	1.4072210788726807	-0.358026921749115	-0.5391138792037964	0.2957942485809326	-1.2447189092636108	1.1089578866958618	0.7758389115333557
-1.3643368482589722	-0.7457705736160278	0.38355931639671326	-0.6357492804527283	-1.6668037176132202	0.011919878423213959	-1.613196849822998	-1.3069260120391846	0.8598260283470154	-0.2980537712574005	-2.2228071689605713
-1.147179365158081	-0.55824214220047	1.6854583024978638	0.79072105884552	-1.6614125967025757	-0.9560113549232483	-0.674877941608429	-1.245875597000122	-0.1016521081328392	1.4989711046218872	0.18303163349628448
-0.8599380850791931	-1.0109676122665405	-1.6523568630218506	-0.420446515083313	0.8257514834403992	0.7309666275978088	-0.639462947845459	-0.7531107664108276	1.2314536571502686	-0.3080599904060364	-0.38664644956588745
-0.4181443452835083	1.6854329109191895	0.4067723751068115	-0.19659152626991272	1.355238914489746	-0.17996807396411896	1.0540344715118408	1.6445000171661377	-1.3660309314727783	0.44906944036483765	0.6487174034118652
0.7268334031105042	1.1120282411575317	-0.03083951026201248	0.28896182775497437	0.2529190480709076	1.453801155090332	-0.26677650213241577	-1.5916632413864136	1.2897825241088867	1.6560091972351074	1.237359642982483
-0.8067665100097656	-0.08288395404815674	1.319570541381836	0.3048742711544037	-1.1188286542892456	-0.18488305807113647	-1.2464768886566162	-1.4116851091384888	-0.696867823600769	1.5925259590148926	0.14128415286540985
-1.1984881162643433	-1.4254076480865479	0.6966644525527954	-1.2935863733291626	0.8785321712493896	-1.4038820266723633	-1.196683645248413	0.7532238960266113	-1.275330901145935	-0.8397138714790344	-1.7088556289672852
0.18798674643039703	-0.9836777448654175	0.5150572657585144	-1.3384290933609009	-1.3045365810394287	0.8795027136802673	0.11904525756835938	1.2511554956436157	0.3389343023300171	-0.5109419822692871	-1.3391224145889282
-0.8886138200759888	0.7746779322624207	0.33432886004447937	1.5057642459869385	-0.020448217168450356	1.4053754806518555	-1.3106557130813599	1.6664448976516724	0.721691370010376	1.5245180130004883	0.41395774483680725
-1.6228288412094116	-1.7143293619155884	-0.1426411271095276	0.3325277268886566	-0.31689661741256714	-1.498442530632019	0.22325539588928223	0.7100664973258972	1.497096300125122	-1.7599647045135498	-1.1025567054748535
-0.6471108794212341	1.599129319190979	-1.017232894897461	-0.8678807616233826	0.07087185978889465	-1.1597169637680054	-1.803480863571167	0.8253719806671143	1.502342939376831	-0.2213732749223709	0.11662670969963074
0.0486307255923748	-0.10575655102729797	-1.722771406173706	-0.500236451625824	-0.1451077163219452	1.074145793914795	0.48678112030029297	0.01605861820280552	0.6190975308418274	0.7391417026519775	0.57359379529953
-1.2211174964904785	-0.42288699746131897	-1.376684546470642	1.0067212581634521	-1.3477431535720825	0.5972414016723633	1.6265194416046143	0.8160058856010437	-1.2780725955963135	-0.9707872867584229	-0.2246646136045456
-0.5991234183311462	-0.43722623586654663	-1.0170358419418335	-1.0569310188293457	-0.09783671051263809	-1.5730419158935547	-1.534130334854126	-0.4380476474761963	0.35314515233039856	-1.1429990530014038	-1.2290723323822021
-0.44486120343208313	-0.35576674342155457	-0.9052749276161194	0.5948031544685364	1.6410046815872192	-1.611486792564392	0.8356031775474548	-0.8724634647369385	-1.528761386871338	0.41788679361343384	0.19780339300632477
-1.0626916885375977	0.4338090717792511	-0.1805267482995987	0.005532092414796352	0.5707589983940125	-0.17179171741008759	-0.21985019743442535	0.4189602732658386	1.1131324768066406	-1.3078272342681885	-0.14329999685287476
1.1366995573043823	0.32324227690696716	-0.13283288478851318	0.03377844765782356	1.072701334953308	0.786925733089447	-0.04151572287082672	-0.839479386806488	1.356521725654602	1.0049493312835693	1.2036514282226562
-0.5165868401527405	1.3976542949676514	-1.0854758024215698	1.588899850845337	0.49018657207489014	-1.551726222038269	0.2808975577354431	1.5901552438735962	1.445948839187622	1.2160354852676392	1.825900912284851
-1.611295223236084	-0.48458805680274963	-0.17931313812732697	0.11106087267398834	-1.1292129755020142	-0.045815009623765945	0.9529392719268799	-1.681530475616455	-0.9347007870674133	-0.11235830932855606	-1.698768973350525
1.655056118965149	1.2290434837341309	0.811699390411377	-0.914516806602478	-1.5103729963302612	0.5685811042785645	0.06917381286621094	-0.16501736640930176	-0.9242269396781921	0.7811325788497925	-1.3596396446228027
-0.7581467032432556	0.13510562479496002	1.531125545501709	-1.144289255142212	0.6930137872695923	1.1183511018753052	-0.9906855225563049	0.4357945919036865	0.6328272223472595	-0.22430537641048431	0.17681123316287994
-1.60835599899292	-0.22022531926631927	-0.5615239143371582	1.5049724578857422	0.6841481924057007	1.5317652225494385	-1.6293400526046753	0.6809249520301819	-0.027461595833301544	-1.0857181549072266	-0.3952297568321228
-0.10915376245975494	1.3694336414337158	0.30744150280952454	0.18677759170532227	1.0869832038879395	-1.4336036443710327	1.6190211772918701	1.7609895467758179	-1.1240336894989014	0.3665007948875427	1.0465779304504395
0.6604984402656555	-0.15191857516765594	0.9150972962379456	-0.9274171590805054	-0.10286132991313934	0.129562646150589	-0.8386707901954651	-0.5829846262931824	0.5072799921035767	-0.613228976726532	0.4375654458999634
1.6873048543930054	-1.5582650899887085	0.9091437458992004	0.4411739110946655	-0.26581674814224243	0.606981098651886	-0.19037380814552307	0.8125353455543518	-0.32633504271507263	0.8721299767494202	-0.6376562118530273
-1.4729020595550537	1.5053441524505615	1.3628371953964233	-0.12388355284929276	-0.0034626477863639593	0.34303295612335205	-1.35934317111969	-1.4484648704528809	-1.7313770055770874	1.5795272588729858	-0.2506544589996338
-0.38351163268089294	1.6599923372268677	1.0059679746627808	-1.4975483417510986	0.7234300374984741	0.7574989199638367	0.6169666647911072	0.31729093194007874	0.21534037590026855	-1.2241042852401733	-0.20246344804763794
-1.359948754310608	-1.06591796875	0.4023399353027344	-1.5460344552993774	0.39425525069236755	1.2765233516693115	-0.9609003663063049	1.0993729829788208	1.0063687562942505	0.8406396508216858	-2.0013787746429443
0.02265843003988266	1.1316550970077515	-0.273547500371933	0.5411621928215027	1.4899412393569946	0.4689992666244507	-0.09846510738134384	-1.640990138053894	0.4352439343929291	-1.1893998384475708	1.3324472904205322
-1.3382492065429688	1.4956591129302979	-1.4425532817840576	1.5841203927993774	0.14576266705989838	-0.7868648767471313	1.1944533586502075	-0.12188553065061569	0.4831238389015198	-0.45207855105400085	0.7803465723991394
1.417509913444519	-0.3313264548778534	-0.08951998502016068	-0.4281478822231293	-0.8325105905532837	1.3837132453918457	1.4208060503005981	-0.28142106533050537	-1.3454793691635132	1.5137114524841309	0.10604468733072281
0.8518552184104919	-1.4309240579605103	0.5075169801712036	-0.6724309325218201	-0.3747846782207489	1.2608232498168945	-0.21210648119449615	-0.07746867835521698	-1.077425241470337	-0.5712793469429016	-1.4606878757476807
-1.6117583513259888	1.2652719020843506	1.6273075342178345	0.8834137320518494	-0.11996976286172867	-0.7098997831344604	-1.5606716871261597	1.014243721961975	1.503760576248169	0.2664121687412262	0.10878712683916092
1.6007323265075684	-0.4962576925754547	0.5182117223739624	0.21713970601558685	-1.8809510469436646	1.344761848449707	1.0249942541122437	0.9206249117851257	-1.2570114135742188	0.09913254529237747	0.12924955785274506
-0.7354941964149475	-0.5028533339500427	-1.2086013555526733	0.9700903296470642	0.17608754336833954	-0.7221282720565796	-1.0433486700057983	1.4212909936904907	-0.025246260687708855	0.5056721568107605	0.5118951797485352
1.5402885675430298	1.4214555025100708	-0.28849363327026367	-0.11526895314455032	1.6493953466415405	-1.7701436281204224	-0.9862067103385925	-0.017762765288352966	-1.1362371444702148	0.4426247179508209	0.024105798453092575
0.6410413384437561	-1.6923494338989258	-0.27123454213142395	1.153438687324524	1.4215141534805298	0.0021029342897236347	1.0506633520126343	0.47823476791381836	-0.04221276938915253	1.058194637298584	-0.24342888593673706
0.1502002626657486	0.6020012497901917	1.1728441715240479	-1.1389302015304565	1.5813225507736206	-0.5452390313148499	-1.133030891418457	-0.6637431383132935	-0.9533884525299072	0.09996955096721649	0.6654492616653442
0.9376261830329895	-0.18381832540035248	1.6213680505752563	0.47853344678878784	-0.39104440808296204	0.7625163197517395	1.091965913772583	0.07902728766202927	-1.2705334424972534	-1.111801266670227	1.3391997814178467
0.040687259286642075	0.22113732993602753	-0.24081332981586456	-0.5030542016029358	-0.04771828651428223	1.0106935501098633	-0.42905858159065247	0.3787403106689453	-0.8475555181503296	-0.08114941418170929	0.14497515559196472
-0.7978519797325134	-1.179047703742981	-0.07785574346780777	0.8585913777351379	-0.6124958395957947	1.283851146697998	-0.827497124671936	0.312874436378479	-0.9609975218772888	-1.6192163228988647	-0.6280407309532166
1.0077612400054932	-1.4953923225402832	0.1871831864118576	-1.4941860437393188	-1.0303723812103271	-0.849766194820404	0.288239061832428	1.1111135482788086	1.2697798013687134	-0.7319331169128418	-2.6574044227600098
-0.5888386964797974	1.124853491783142	-1.6107629537582397	1.1719844341278076	0.7368679642677307	0.4305606484413147	-0.7469571232795715	-0.6352738738059998	-0.23346252739429474	1.5927635431289673	1.6557358503341675
-1.3068909645080566	-1.4556984901428223	-0.16340117156505585	1.0960201025009155	1.6581294536590576	-1.5187886953353882	0.9505617618560791	1.439243197441101	-1.0321567058563232	-0.025008076801896095	-0.27915555238723755
0.5579083561897278	0.20641018450260162	0.6027511954307556	1.1455261707305908	0.7995757460594177	-1.1774568557739258	-1.1779216527938843	-1.5046730041503906	0.9054715633392334	-1.6429450511932373	1.6758711338043213
1.5447865724563599	-1.6125673055648804	-0.7615485787391663	-0.838946521282196	1.2063870429992676	-0.39199915528297424	-0.4529672861099243	1.4009219408035278	-1.6448686122894287	-0.16381637752056122	-1.4522943496704102
1.5334933996200562	-0.08665422350168228	-0.49880251288414	-0.765641987323761	0.6390440464019775	0.40985262393951416	-0.9021814465522766	1.7076961994171143	-1.4687416553497314	1.3070093393325806	0.29892173409461975
-1.2028652429580688	1.5986682176589966	0.7428509593009949	-1.4639228582382202	0.5710547566413879	-0.15929129719734192	1.632887601852417	-0.3443557620048523	-0.06415542960166931	-0.7001512050628662	-1.0435030460357666
1.6377867460250854	1.2081687450408936	0.585028886795044	-1.4621825218200684	0.4607705771923065	0.49275892972946167	0.14790299534797668	0.09367816150188446	0.284357488155365	0.856863796710968	-0.8578634262084961
-0.5944803953170776	-1.3224254846572876	0.4804568886756897	1.6318398714065552	0.5054856538772583	-0.3336115777492523	-0.8167267441749573	1.0365570783615112	0.5939645767211914	0.6731299161911011	-0.006317806430160999
-1.07685124874115	0.32072293758392334	0.12166862189769745	-0.32527366280555725	0.8009818196296692	1.726836085319519	-0.4385511577129364	-0.0060349805280566216	-0.38693544268608093	0.34268927574157715	-0.8309136033058167
0.20523671805858612	1.0382546186447144	1.3271918296813965	0.8322826027870178	-1.3980203866958618	-1.679484248161316	0.026203395798802376	-1.393526315689087	-1.2892861366271973	0.6180780529975891	1.7136057615280151
-0.5146669745445251	0.7799398899078369	-0.6810374855995178	-0.5179076790809631	0.9865850210189819	-1.4512461423873901	-1.67595374584198	0.7319406270980835	-1.2177499532699585	-1.1309990882873535	0.39441224932670593
-1.0583268404006958	-0.8650470972061157	-1.4775409698486328	-1.5436102151870728	-0.4564477801322937	1.6534441709518433	-1.2032052278518677	-1.0752582550048828	1.4782578945159912	-0.6227526068687439	-1.6353130340576172
-0.6848458051681519	1.2807838916778564	0.47042515873908997	0.8851621747016907	0.072801873087883	1.0358885526657104	-1.1544601917266846	0.7990666031837463	1.1382932662963867	-1.6718404293060303	0.9184569120407104
-0.29843541979789734	0.24847173690795898	1.5517797470092773	1.7451077699661255	-0.10832548141479492	-0.2818743586540222	-0.28114068508148193	0.7434879541397095	-0.5018035173416138	-1.1909316778182983	2.0079150199890137
-0.16820044815540314	-0.6197531223297119	1.2089120149612427	-0.8153793215751648	0.596836268901825	0.23052546381950378	1.087981104850769	1.551000952720642	-0.9124236702919006	1.7235318422317505	-0.778974711894989
-0.914282500743866	1.6494685411453247	0.4549669325351715	1.521970510482788	-0.17471705377101898	1.5427005290985107	1.1639312505722046	1.2827869653701782	0.2910687327384949	1.5960357189178467	0.9077142477035522
1.659585952758789	-0.6552563309669495	-0.17234733700752258	-1.3406941890716553	-1.1604559421539307	0.1026151031255722	0.127261683344841	-0.7129753828048706	1.2577606439590454	0.45413604378700256	-1.0735149383544922
-1.4059686660766602	-1.557666301727295	-1.6583255529403687	-0.551629900932312	-0.6874533891677856	-1.0938595533370972	1.0893516540527344	-0.3799329102039337	0.13566990196704865	0.11247126013040543	-0.8283675312995911
-1.6358872652053833	-0.5383448600769043	-1.4700572490692139	0.04667653143405914	0.8634178638458252	-1.1133052110671997	0.6238948702812195	0.4796817898750305	0.5399630069732666	0.15261462330818176	-0.59474778175354
0.6248040795326233	0.31393754482269287	1.5025032758712769	-1.5731245279312134	-1.1395426988601685	0.2152315080165863	-1.2741918563842773	1.6607153415679932	0.7412901520729065	1.4732401371002197	0.2247898429632187
0.8468695878982544	-1.2859147787094116	-0.12055034935474396	0.5323907732963562	1.199192762374878	0.44680607318878174	-1.278769612312317	-1.5540740489959717	-1.5455429553985596	1.3635598421096802	-0.10460767894983292
-1.4885247945785522	1.0242066383361816	-0.6779559850692749	1.4580931663513184	-0.19442099332809448	-0.4643888473510742	-0.2984846532344818	-0.7323915958404541	0.37163451313972473	-1.6867375373840332	0.02030843123793602
1.363111972808838	1.614880919456482	1.1151200532913208	-0.9596675038337708	1.271608591079712	1.5278271436691284	1.5030348300933838	-0.006334277801215649	0.8827314972877502	1.1764276027679443	0.17528347671031952
-1.1319433450698853	0.46285197138786316	-0.3763246238231659	0.049962934106588364	1.068572759628296	-1.4979498386383057	0.08660873025655746	-0.5580483078956604	0.6389332413673401	-1.4837672710418701	-0.12064068764448166
